<?xml version="1.0" encoding="UTF-8"?>
<project-private xmlns="http://www.netbeans.org/ns/project-private/1">
    <editor-bookmarks xmlns="http://www.netbeans.org/ns/editor-bookmarks/2" lastBookmarkId="0"/>
    <open-files xmlns="http://www.netbeans.org/ns/projectui-open-files/2">
        <group>
            <file>file:/C:/Users/santi/Downloads/SistemaVentasWeb2/SistemaVentasWeb2/src/java/Modelo/ClientesDAO.java</file>
            <file>file:/C:/Users/santi/Downloads/SistemaVentasWeb2/SistemaVentasWeb2/src/java/config/Conexion.java</file>
            <file>file:/C:/Users/santi/Downloads/SistemaVentasWeb2/SistemaVentasWeb2/src/java/Modelo/VentasDAO.java</file>
            <file>file:/C:/Users/santi/Downloads/SistemaVentasWeb2/SistemaVentasWeb2/src/java/Modelo/EmpleadoDAO.java</file>
            <file>file:/C:/Users/santi/Downloads/SistemaVentasWeb2/SistemaVentasWeb2/src/java/Controlador/Controlador.java</file>
            <file>file:/C:/Users/santi/Downloads/SistemaVentasWeb2/SistemaVentasWeb2/src/java/Modelo/ProductoDAO.java</file>
        </group>
    </open-files>
</project-private>
